text,sarcastic
The only thing I got from college is a caffeine addiction,1
I love it when professors draw a big question mark next to my answer on an exam because Iâ€™m always like yeah I donâ€™t either Â¯\_(ãƒ„)_/Â¯,1
Remember the hundred emails from companies when Covid started getting real? Iâ€™ve gotten three in regards to support for protests. And only @SavageXFenty shared helpful links and actually said black lives matter... we love capitalism ğŸ¥°ğŸ™ŒğŸ¼,1
Today my pop-pop told me I was not â€œforcedâ€ to go to college ğŸ™ƒ okay sure sureeee,1
"@VolphanCarol @littlewhitty @mysticalmanatee I did too, and I also reported Cancun Cruz not worrying about the heartbeats of his constituents without electricity or heat when he fled to Mexico.",1
"@jimrossignol I choose to interpret it as ""XD"": the universal emoticon for laughing at those poor, poor folks in Ubisoft's marketing department who have to deal with that branding until the servers quietly shut down 8 months after launch.",1
Why would Alexa's recipe for Yorkshire pudding be a bhaji yorkshire pudding ?? @bbcgoodfood,1
someone hit me w a horse tranquilizer istg ive been in a pool of sweat for 6 hours and i havent slept im so tired but i love my friend so much and oh my fucking god i cant rn,1
Loving season 4 of trump does America. Funniest season yet #DonaldTrump #Trump #MAGA #MAGA2020,1
Holly Arnold ??? Who #ImACeleb  #MBE nope not sure oh hang on you mean MBE yes thatâ€™s her !!!,1
"ANY PENSIONER AND 4 YEAR OLD WHO DARE TAKE ME ON AT DINOSAUR THEMED CRAZY GOLF WILL BE CRUSHED, CRUSHED I TELL YOU. https://t.co/yZlafy0lsd",1
See Brexit is going well,1
Just like to congratulate everyone on the Kop today for the fastest ever Poor Scouser Tommy. Slow the fuck down,1
do i just blast maneskin to get hyped for my osce or??,1
"@heathoween @tylerrjoseph Yes, because we need literally every single fucking celebrity to speak up on a topic that's been forced down everyone's throats for the past four months. I use the internet to get away from these fucking real life problems; not everyone needs to weigh in.",1
"I never thought I'd say this, but I have become one of those people who like bounty bars.",1
My eldest is having a wild Friday night out. She's going to bingo. ğŸ˜‚,1
"Whoeverâ€™s toddler ass sprayed the entire toilet backstage, I hope you stub your toe and bite your tongue really hard. also you were clearly dehydrated, go drink some damn water like an adult",1
gaslight gatekeep girl boss,1
I was only in Taylor Swiftâ€™s top 0.10% of listeners on Spotify but last year but yeah totally sound that Swiftogeddan in Glasgow is sold out,1
Imagine going to university for 4 years when you could just follow Elon Musk on twitter for free,1
"Not got one lynx Africa for Christmas Day this year, shocked and outraged. #RuinedChristmas",1
The villains in super hero films are awfully polite. They always confine their invasions to being above one particular city,1
"Oh my goodness. Itâ€™s the first week of the summer holidays and Harrison has found his recorder. 

Give.
Me.
Strength.",1
"@AsdaServiceTeam imagine your delivery being 2 hours late, and imagine calling up your service team only for them to hang up at 10pm, coincidentally the same time the office closes. But itâ€™s okay, my Â£3 delivery fee is being refunded though ğŸ‘ŠğŸ»",1
teams is down what a shame I canâ€™t do my assignments ğŸ‘‰ğŸ½ğŸ‘ˆğŸ½,1
@DuncanEdwards03 @PoliticsForAlI Well I doubt they're trying to smash the doors in to change the regulation of cough medicine.,1
Not at all concerning that a man's just been round to fiddle with the boiler and now he's left the carbon monoxide alarm won't stop beeping,1
Not telling anyone how I voted in case it doesn't come true #EUref,1
just wondering how to get my diss down by 1500 words .. such fun,1
Itâ€™s been a blissful 2.5 hours of sleep tonight,1
Falling asleep at your laptop is always fun,1
Trying to know all this history tonight is gonna kill me,1
love it when Jonny makes me use earphones to watch something on my phone so he can play fifa,1
Nice to be compared to a brick wall ğŸ˜‚,1
@BellularGaming Blizzard will have to make sure it doesn't exceed the recommended fun level of 10%.,1
if 2020 was a nose itâ€™d be mine ğŸ¦,1
Would anyone like to give me some money? #FinDom,1
Got very excited that my national trust card arrived I am officially a grandma https://t.co/mtkWJCxwom,1
Vaccinated this morning. Not sure it's worked - still committed to Apple and no extra autism detected. Bloody science.,1
ITS COMING HOOOOOME,1
i wish i could tap in to the government bank accountğŸ™„ğŸ™„ğŸ™„,1
90% of adulthood is just refilling your Brita pitcher.,1
"I suppose though, we did sign one for the future so, you know, not all gloom and doom...we might be good in 6 years time.",1
Where is the Chancellor? Please check the back of your sofas.,1
"i have been informed that, as aroace and agender, i have triple visibility and am now visible from space.",1
going to be running on three hours of sleep at work tonight! so excited!!!,1
"@AlexShawESPN @robwishart @GNev2 Does he order 11 at once and drink each one at just over 5 minutes, OR do we have to take into account going to the bar? Either way itâ€™s a disgrace and not what we should be promoting to the kids.",1
iâ€™m now reading 4 books at once what could go wrong ğŸ§¡,1
"@ZionWarrior6 I think lunch was ready at the care home, then it was time for nap and then Countdown.",1
@Schlippertysch1 @anon_opin Very good. Just need to work on your spelling now ğŸ‘,1
"July 1st. Half way point of the year. Well I think we can all agree that 2020 has gone swimmingly so far. 
Canâ€™t wait for part 2. 
#murderhornets",1
"Got locked out of Twitter for saying itâ€™s embarrassing to be an arsenal fan. Thatâ€™s not okay, but people can be abusive and racist and nothing?!? Okay! ğŸ¤£ğŸ™„",1
"I just absolutely LOVE how I've got to work outside for the next 3 days in the heatwave.

#sweatingmyballsoff",1
@ThePartridgePod Defrost the freezer with the cast of Hollyoaks. Any of them that wanted an extra fun trip could pop to the recycling centre with some empty pesto jars. Magic.,1
"So, very delayed flight from Bristol to Edinburgh @easyJet, trademark vagueness from staff, with a chronic lack of empathy to boot (despite me travelling with three young children)... now, time to feed our family with Â£3 vouchers (at airport prices!) #bollocks",1
we need to normalise having absolutely fried bleach damaged hair. people should talk about this,1
"Wizkid is the king, ok lol",1
"Ah yes, it really is wood-burning stoves in sub-Saharan Africa thats driving the climate crisis ğŸ§  https://t.co/lShlgWYGOX",1
"Started watching house of cards, 4 episodes in. Already I can see it was a good choiceğŸ˜„",1
Social Care for the young is basically a bath board and bed rest and your done.,1
@PONOS_EN Very nice. We're now briefly up to date. Hopefully doesn't take you so long to do the English release of the new pixie after we get 9.10.,1
JUSTICE HAS BEEN DONE.,1
What a Race ! #sarcastic #WTF1 https://t.co/zRtL5alnoT,1
help! i'm being haunted by dead people! (my dissertations),1
my neighbors taunting me outside my office window by chilling in their hot tub every remotely warm day whilst I sit here on back-to-back zooms all day every day. the audacity is astonishing.,1
I've been doing physics for 40 minutes I think I deserve a break ğŸ˜‚ğŸ˜‚ğŸ˜‚ğŸ˜­ I'm never going to get it all done at this rate,1
Billy Gunn sorta relevant for the first time in years...,1
wish i could understand string theory without knowing math..... alas i guess i am too hot for conceptual physics,1
"So we actually have to do hot girl summer without 1989 Taylorâ€™s version., Iâ€™m sick",1
"ğŸŒ¶ Spiced Coconut curry ğŸ¥¥

.
A weekend spent with friends brings a week of content... or something like that ğŸ˜œ

.
Started the weekend off with this yummy morsel, With was a fusion of miso sesame aubergine ğŸ†, broccoliâ€¦ https://t.co/zyWiA0EX4u",1
considering crowd surfing the next time the hallways are too packed,1
Avoid mass gatherings.. does this mean that I can stay home tomorrow as I work at a school? No I thought not. #schoolclosure,1
You know the wolves match is boring when you're talking with your mate about the best way to wire up his new shed!,1
What a wonderful time to have your AC go out https://t.co/jqjqG1dGOa,1
@WalesOnline Riveting news.,1
"My (extended) fam was discussing going on a trip instead of getting presents for Christmas, like okay Iâ€™m bout it...
Yeah they were talking about doing to the dells. Iâ€™ll take my god damn presents thank you very much",1
okay but like the say so song ainâ€™t that bad. Iâ€™m unironically jam to it lmao,1
"if you see me crying in the self-service car wash in my rosatiâ€™s uniform, no you didnâ€™t â¤ï¸",1
Tinnitus is my favourite thing ever I love it. So loud so atmospheric https://t.co/mNJw5GvPzy,1
thanks @SovietWomble for ratting my location out on stream and then embarrassing me ğŸ˜‚ it made my day though https://t.co/3b7Cjql2GO,1
love living in a capitalist society where i look forward to getting a surgery where iâ€™m legit GETTING AN INTERNAL BODY PART REMOVED bc it means iâ€™ll get a few days off from work xoxo,1
i love ingesting poison and then wondering why my tummy is rumbling the next morning,1
Beautician and the Beast (1997). Best Timothy Dalton film of all time.,1
"@FeeyaCruz Ahahahaha the Feeya I know and love, miss u ğŸ˜¢",1
absolutely love waking up to the fire alarm at 7 am ğŸ˜,1
fully vaxxed feeling very girlboss,1
I feel like with the pandemic and all we should now be allowed to publicly shame babies for just like coughing into the open air you know what I mean,1
"Let me guess, it has to be Charlotte Tilbury makeup. And if by chance you do take it off, use Charlotte Tilbury skincare https://t.co/0c2IfIpy8l",1
The typhoon flew over me today absolutely fuming they forgot to bomb me,1
love getting assignments at 6:25pm on a Friday!!,1
Raging debate on the importance of an Orlando Magic Summer League Championship. Definitely a notch below 6 if decided by coin flip. https://t.co/LG0VRwkrKO,1
@rits_meg @freedomsenpai hot loli,1
Between Mikey cooking and Didi cooking for me I relaxing ğŸ˜  cooking?? I donâ€™t know her,1
Ah gotta love that Friday morning burnt out feeling ğŸŒ„,1
@PFTompkins Her family should definitely not seek mental health guidance.  ğŸ˜¬,1
"How I flirt with boys 

Boy: â€œHey I saw you from across the room and had to come overâ€

Me: â€œWow youâ€™re super observant. Do you have 20/20 vision?â€",1
Been trying to get my boyfriends attention. Letâ€™s see how long it takes for him to see this tweet tho.,1
My work email isnâ€™t working so I can just log off for the day right? ğŸ™„,1
watching olympic womens beach volleyball for the plot,1
thereâ€™s no better way to wake up than having one dog jump directly on your stomach and knock the wind out of you while the other drop a dead rodent on the end of the bed. ğŸ˜‘,1
"cold ears? take out one AirPod, leave it by the stove, and forget about it for 20 minutes ğŸ¤—",1
Do the #Hokies really have to play 5 against 6 tonight? Come on stripes,1
Fool me once shame on you. Fool me twice shame on me. Fool me multiple times I must have become a brexiter. #Brexit,1
"Lucky for 2nd placed Brentford that there's no stand out team like Leeds this year, or they might have no chance of winning the league. #ncfc",1
how do I get my boyfriend in a maid costume?,1
@DonaldJTrumpJr If only he had a press Corp in the house...oh wait! Shut up Jr! Time to get fitted for those lovely orange jumpsuits! If you can't be orange anymore at least you can wear it!!!,1
Wtf is a Justin Herbert,1
"""He's not welcome in a tolerant place like London"" @emmadentcoad  on the Presidential visit on @BBCRadio4 The irony in that comment... #r4bh",1
"I love it when drunk, inconsiderate flatmates come back and start climbing on the roof #istillhaveexams #tryingtosleep",1
thinking about quitting the path im on to become a college advisor so i can be wrong and do nothing for the rest of my life,1
2 busy working 2 care,1
Update: theyâ€™ve finally closed the campus which means I wasted my day going in and waiting on lectures ğŸ™ƒ https://t.co/kBTOqNpX3Z,1
STOP TREATING MARS LIKE A BACK-UP BOYFRIEND JUST FIX YOUR CURRENT RELATIONSHIP WITH EARTH BECAUSE YOU CAN'T LIVE HERE.,1
I just donâ€™t think itâ€™s too much to have a perfect life with absolutely no problems ğŸ¤·ğŸ»â€â™€ï¸,1
The control button just fell off my laptop. How symbolic for my life.,1
"make it illegal to say/write ""Dems in disarray"" on account of it being stupid as fuck",1
a level tudor history can do one,1
Can't wait until I live to be 110 years old and I have people asking me how I've lived for such a long time so that I can make up some hyper-specific secret to longevity that people will inevitably follow,1
ugh I have to send an email??? how about I just quit!!!!!,1
"Day 3. Luggage arrived, thanks @AirFranceFR. Non random Hungarian underwear. Talk delivered. Science sated. #metaxa http://t.co/6KPjLezQOF",1
went to check out the bios of the (exclusively) hipster dudes that work in a rival boutique goods store and found out they all traveled internationally during the pandemic ğŸ™ƒğŸ™ƒğŸ™ƒ,1
So in other news I just held the door open for Bam Adebayo &amp; then I fell down the stairs &amp; I think I broke my finger.. ya I'm THAT smooth,1
I can't believe today is the last day we can be gay.,1
did you actually fly on a plane if you didnâ€™t post a picture of the view from your window?,1
"Seeing as Kanye West has a range of clothing with Gap, how about me and you do a collab @FandFclothing",1
i love jumping on zoom meetings where everyone is talking about their kids &amp; i'm stuffing my face with taco bell,1
itâ€™s always the girls I donâ€™t even know that wanna talk about me 24/7 :) I love my fans :),1
@igreen95 thx for the play by play,1
who thinks me and sam should start a band called 'teeth at midnight' ğŸ¦·ğŸŒ™,1
omg thereâ€™s a sheet of ice in front of my school. should I slip and fall?,1
I wish that grilled cheese helped you get that summer bod,1
I called out an insta post for fat shaming and am now being told that making fun of someone having no neck is â€œnot making fun of someoneâ€™s appearanceâ€ !!! The more you know guys!,1
@andy_mansell72 @VicOtley @garry_whu @NiaAnts @davidschneider Finally someone is speaking up for the billionaires.,1
"@mjborshell @garygilligan Hasn't he opened a few new hospitals? Oh sorry, maybe it was a new first aid box.",1
yeah your girl is fine but does she pass out while giving blood,1
"I recovered a repressed memory today of working at @kumandgo in high school 13 years ago &amp; having to answer the phone as â€œwe go all out at Kum &amp; Go, this is Shelby. How can I help you?â€ And the prank calls that led to. Pretty sure K&amp;G owe me therapy.",1
Accidentally made a friend in ASL today. I hate when that happens.,1
"@BoardroomBoy Few links for you. To summarise, wearing face masks seems to be more effective than not. Who'da thunk...",1
Kind of rude of my stomach to still make whale noises after Iâ€™ve given it a whole protein bar,1
Because of #Trump I now don't have to worry about other countries making fun of me for being fat! ğŸ©ğŸ«ğŸ°ğŸ• #Thankstotrump #America,1
Overthinking everything in life really takes a toll on you,1
Man I just love it when I'm forced to pitch two games back to back bc our other pitcher didn't show up,1
Iâ€™ve seen a lot of people on local Facebook groups asking AirBnB owners if they have any availability recently. If only there was a website you could use to find out if an AirBnB was available ğŸ¤”,1
@SuspendThePres But what were the ratings??  (Replied to his Tweet with the same thing.),1
dont you love it when youre just chilling in your room and then theres a spider and you kill it but when you kill it you spill soda all over your keyboard yeah me too,1
@MollyJongFast I think it should be allowed for customer service workers to squirt water into their face like how they do sometimes to train pets,1
Taxes  are just the best and I cannot wait to pay more ğŸ˜‡ğŸ¥°ğŸ¥º,1
"Goodness my parents are actually watching something on Apple TV+, brilliant, yet another streaming service! ğŸ˜ª",1
alright Iâ€™m ready for some march madnessğŸ€ğŸ”¥,1
I still canâ€™t believe England won the World Cup,1
dont u just love when u get ready for a cancelled date two hours early . . . yeah i wasnt excited or anything,1
wouldnâ€™t it be cool if i could spontaneously combust,1
Efy is great,1
@sonofsama1 @Santandave1 youâ€™re trash,1
cold queso is so much better than warm queso https://t.co/5TaMe4aSO6,1
Wow it's almost as if it's their literal job to have a lot of knowledge about a wide array of subjects.. Funny that https://t.co/NGi02vXxnK,1
Itâ€™s really very selfish of Silverstone to be saying the 2022 Grand Prix is 1/7-3/7 cause my holiday year starts on 1/7 and I would have to use a day of this years holiday allowance to go. I should have been consulted really ğŸ˜µâ€ğŸ’«ğŸ˜µâ€ğŸ’«ğŸ˜µâ€ğŸ’«,1
"""are you experiencing suicidal or homicidal ideation?""
""only while trying to talk to a human when I call @Walgreens pharmacy""",1
Just getting some WD40 on my letter box to help the poor postman with his delivery today #valentinesday2021 #WD40,1
"Iâ€™m sorry, but if you message me on Instagram wanting me to help you sell your fit tea and wraps, Iâ€™m leaving you on read. ğŸ™ƒ",1
wow i love only ever buying gray and striped shirts,1
no more instagram. we must all return to scrapbooks.,1
"Thank you twitter for deciding to completely reset your list of the ""suggested topics to follow"" I've clicked to ignore (all of them), so now I'm back to seeing hundreds of them, every time. Really appreciate you doing that.",1
Thank god I just accidentally snapped a rando guy from high school â€˜yas queenâ€™ with acne cream all over my face,1
"I hurt my foot like 3 days ago,  I have no idea how, but it hurts to put pressure on it. Love that for me",1
"me: trying to sleep slightly earlier than usual bc I feel like shit 
my friend, texting the group chat 13 separate times at nearly 4am: hello I donâ€™t think so! how abt I tell u abt how bad things are going instead :)",1
Thank you to my apartment complex for consistently cutting the grass at 8 am every Thursday for ~5 hours. Itâ€™s definitely not super obnoxious or bothersome â˜ºï¸â˜ºï¸,1
"5:30 banshee-like kitten zoomies are definitely my all-time favorite alarm clock, and the sound of jewelry boxes flipping over and burnouts on the wood floor make for the calmest, most enjoyable start to any workday.",1
"Sometimes I feel like all this effort is just like sticking diamond encrusted alloys on a knackered Corsa. I mean, shit is what it is at the end of the day.",1
a single man directed by tom ford simultaneously resurrected me from death only to brutally murder me once more.,1
"Hey Siri, how do I stop simping?",1
we love mixed signalsğŸ™„,1
Hey does anyone know of any organizations that have massive stockpiles of money that could be super useful to the world during a public crisis?????,1
Wow Bdubs can bench press 150 kilometers,1
"Nothing screams â€œIâ€™m a glamorous cosmopolitan womanâ€ like following your dog down the street in the midst of winter, saying â€œgo potty! Go POTTY!â€ over and over again.",1
"Heard a rumor that Baja Blast is coming to stores and regardless if anything else I hope for in life falls through, at least I'll have this.",1
@KhoaVuUmn Reviewer 2: this is a very weak paper that fails proof of concept. Stating a cat bed is also a wizard's hat is totally wrong and your data cannot support this,1
A wrong impression is once again my specialty,1
if trees would simply stop producing flammable leaves climate change would not be an issue,1
havenâ€™t written in months cuz there are no male teachers to impress ğŸ˜£,1
hey quick question is it fall or spring???,1
when the toilet seat is warmed up for you&gt;&gt;&gt;,1
@PlayStationUK Nice,1
me and noah forgot that today is our anniversary. if that isnâ€™t couple goals then idk what is ğŸ˜Œ,1
I canâ€™t wait to hear more about the life of an upper middle class East Asian American whose only personality trait is drinking boba tea https://t.co/SapbXLd0r2,1
Hey what's the weather like today? Am I going to need an umbrella?,1
trying to figure out how to use notion for my anime list. I think iâ€™m dying,1
Do you think anyone on Bachelor in Paradise has seen Oscar winner Parasite?,1
"""your pronouns are what's in your pants"" ok. juicy/dumper",1
"Itâ€™s so amazing how people forget you exist until they want something from you :,)",1
"2 things I love:
1. Being woken up by construction work an hour before my alarm.
2. Sarcasm.",1
How bout you dont use a gazillion filters on your pictures,1
"finished the queen's gambit, i loved a look into the 1960s in the american south with no racism just vibes",1
Wow itâ€™s almost like we donâ€™t nap every single day at the exact same time wow how dare I try to do the thing we do every single day!,1
@brruhia Nah bruh you just drinking it upside down ğŸ˜‚,1
@raerenyse Easily one of the worst and most damaging takes for both trans AND cis women I have seen thus far. Congrats on reaching new levels of awful lmao,1
@PoliticalOrgy I thing you might be on to somethink!ğŸ™„,1
"Here comes the final of the UK #DailyBriefing - who will win, Johnson or Covid?",1
"""You're not a normal white girl"" lol ok",1
Great time for sim and I to have our weekly life update.... ğŸŒ›ğŸŒœğŸ¨ (closest thing to an owl) ğŸ’¤ğŸ’¤ğŸ’¤ğŸ’¤ğŸ’¤ğŸ˜´,1
I love when you go to shop for plus size clothing and it's always just shoved under women's and it doesn't have any subcategories so u just have to wade thru everything like a pig being thrown slop,1
"@richardosman @GMB @susannareid100 @piersmorgan You've a book out? I hadn't realised.

Yes, you've already read this 8763 times this week, but hey.",1
Hahahah @LibertyU is shutting down the entire campus for quarantine!! Couldnâ€™t happen to a nicer group of Covid deniers! #CovidIsNotOver #karmaisabitch #Covid_19,1
Brother's off on a night out and I've gone to bed cos I feel exhausted and sick.... excellent ğŸ‘ğŸ»,1
â€œThe App Store [is]... an economic miracleâ€ ğŸ™„ but Apple magic not working today at #AntiTrustHearings #Apple stifles innovation that is the lifeblood of our economy. -Lucy McBath speaking some truth today #HouseJudiciary https://t.co/2swhC9daBM,1
I love how they blur out Tristanâ€™s face in this season of the kardashians LMAO like hmmmm I wonder who that mysterious man is,1
In sunny spain at the moment!!! Hows it all in england?,1
my super power is always biting into the sour cream side of the burrito no matter what,1
if you display your pop funkos in the box then youâ€™re a tory,1
#HappyBirthdayKeanuReeves Keanu Reeves is so wholesome â˜ºï¸,1
"Donâ€™t worry, 20 something people who follow me here, I brushed my hair for the first time in a week today. I know, impressive.",1
@kmflett And with a plentiful supply of rhubarb.,1
Hearing Kendrick Perkins refer to Alec Burks as Alecs Burk like heâ€™s attorneys general &gt;&gt;&gt;&gt;,1
"Wait didnâ€™t covid go away?? Itâ€™s after November third so it definitely should be gone now...wait...Iâ€™m confused...121,000 cases in a day? Youâ€™re telling me THE WHOLE WORLD didnâ€™t fake a pandemic for the US election? No way...",1
We really need to remind people that universal healthcare means never needing to sit through another annual explanation of benefits meeting,1
wow. i left on time today and the airport connector is all the way backed up. love that,1
maybe i am a cyber bully,1
"""@elliekonsker: FLORIDA YOU LITERALLY HAVE ONE JOB""",1
Andrews really trying to explain to me that football and rupauls drag race arenâ€™t the same thing when it in fact is the same thing.,1
day 5 of people being mad about ellen sitting by gw bush is when we'll finally get to the bottom of this,1
"Cool guy in a big truck honked really long at the garbage truck because it slowed down to turn; I felt he wanted everyone to know how cool he is, so I decided to tweet about it on his behalf.",1
NOT OLIVIA RODRIGO TRAITOR IN THE BACKGROUND #LoveIsland,1
iâ€™ve never had protected sex,1
"Duodenum, Jejunum, and Ilium would be cute names for triplets, donâ€™t @ me",1
Only yelled at one person while biking home this evening. Improvement!,1
".@taylorswift13 is 100% going to post another photo with 5 holes in a fence 5 days before Lover is released, isnâ€™t she?",1
the fact that â€œbreaking: school shootings preventableâ€ was an actual headline on nbc tonight is actually laughable,1
I love when I start choking on my water in my 8 person class,1
Whoop diddy scoop poop,1
@WilliamShatner Mr Shatner whilst you were sleeping you asked me to join Facebook messenger and then after a polite conversation you then offered me gold necklaces and a singed (sic) tee-shirt - you made my Friday night sir... just awaiting your instructions so I can wire the money...,1
is it illegal to discriminate against someone on the basis that they have a joker tattoo,1
itâ€™s been 20 hours and i want another chai latte with pumpkin cold foam i canâ€™t afford this!,1
"It would be a real shame if people shared this around and filled it with fake info. People should definitely not do that ğŸ˜‰
https://t.co/Px7dYqjh3I",1
"Well done Henri, cost us the win #nffc",1
I love not being pregnant so much itâ€™s my fave thing about myself,1
@ray_harren @tkinsonn buy really rare pokemon card,1
"you like ketchup but not tomatoes???

grow up",1
Big day in the Mumford house #sports day,1
@ShareZone5 @StockpickB You are a right bundle of laughs to take to the pictures Draft!,1
"â€œIf I could have changed anything about my childhood I would have never watched spongebobâ€

-no one",1
"#bbcqt It sure would be nice if Ms May decided to answer a question, rather than dance readily around it.",1
Does anyone not know Prince Harry got engaged? I donâ€™t think thereâ€™s been enough in the news about it.,1
@sadgirlkali Make your husband agree to let you die first. FUN date topic for discussion,1
im ollie im 5'8 and i think my 5'7 boyfriend is short,1
"Tonight @ dinner I sat by &amp; chatted w/ the former chancellor of Ole Miss, a former Miss MS, &amp; the owner of the Miss America pageant

Casual.",1
wow this growth spurt is really taking longer than i thought haha,1
"Quarantine Day 256: Dear Ancient Greeks, re: the blanket-wearingâ€”I get it. #QuarantineLife",1
my bf took my off his lock screen which obvi means heâ€™s cheating on me,1
Gonna go cry now some no face told me to lose weight x,1
'Margaret Thatcher' is trending... has 2016 taken another one?,1
"Hear me out... The lyrics in ""coney island"" should've been ""lost again with no surprises, disappointments close your EYESES"" 

Fixed it for you @taylorswift13 ğŸ˜‰

#evermorealbum 
@taylornation13",1
"At least half of my days are still bad days and let me tell you, i've never once killed 8 people because of it. A true miracle apparently",1
Of course the moment I front the system is in utter chaos ğŸ¥´,1
"Day 38 of quarantine is an interesting time to get a new drum kit, neighbor",1
Hate this site [CHIRPBIRDICON],1
did you know there is a direct correlation with how cool someone is and how high they cuff their pants?,1
@McDonaldsUK Would love a cheeky McDonaldâ€™s breakfast before a busy day at work would set the day off on the right foot ! ğŸ’“ #FancyAMcDonalds,1
I swear this triller event is run by teenagers,1
What kind of sins have yâ€™all been committing for God to punish us with this kinda weather...,1
Iâ€™m really looking forward to not hugging my friends and family through choice rather than by law.,1
Men will literally fake an injury on the football field instead of going to therapy,1
I don't think Republicans have any self awareness or any idea of how the world works... Nice try though.,1
There is not enough people here #ivoryrooms,1
I love online shopping because if I am physically in a store and an employee even looks at me I will immediately leave.,1
WHO LET THE LAUNDRY PILE UP 5 BASKETS. Goodness.,1
Boehner not clapping for gender pay equality. COOL.,1
"Drop in Center to let people get the 1st or 2nd Vaccine open today . I went thinking I was able to get my 2nd one .
Wait in the que 30 mins .sits down arm ready to get ! 
Sorry your 12hrs to early !!! 
We cannot vacinate you till 56 days !!! @NicolaSturgeon #Seriously",1
"""I'm concerned about the environmental impact of my contact lenses,"" says the occasional daily wearer, throwing their Starbucks cup in the test room bin.",1
Shout out James Boswell  #unibowl,1
@ThomasCabaret84 @MicrobiomDigest @raoult_didier Surely youâ€™re not suggesting that their own thorough investigation of their own suspected &lt;fraud&gt; (which found no evidence for said &lt;fraud&gt;) was carried out with anything but the very  highest levels of integrity? Seems completely legit to meâ€¦,1
@xNemoooo @McDonaldsUK @tasshx Say swear you didnâ€™t down all bevâ€™s at Acapulcoâ€™s straight after?? ğŸ˜˜,1
I got called ugly on Twitter by an uneducated teen who refuses to show his face:( Iâ€™m gonna cry myself to sleepğŸ˜­ Iâ€™m in gut wrenching pain!,1
"@benshapiro itâ€™s true, every time my little cousins put on their masks they choke to death and have to be revived. itâ€™s very stressful for us.",1
Just dislocated my fucking knee again while out on a walk ğŸ™ƒğŸ™ƒğŸ™ƒ FAB,1
Headaches that last all day nonstopğŸ¥°ğŸ˜,1
"Pissed off at @TMobile_USA and just want out of my contract, but I'm sure that would just be way too easy, ugh :(",1
Football is turning into an anatomy lesson. COOL,1
"@BIGRXD12 ah yes, people with eating disorders, famous for easily being able to not worry about their weight",1
"As if I didn't know this anyway!
I'm an Owl according to the #BBCBodyClock quiz â€“ what are you? https://t.co/vM07K82CTg",1
i would kill a man for a forehead kiss rn,1
Mental shoot out ends. Silent pause. Sirens start ğŸš¨ Always so perfectly timed ğŸš”ğŸš“ğŸ‘ğŸ½ #LineOfDuty #LineofDuty6 #LOD6 #LOD,1
Love being called the devil for taking away someoneâ€™s phone at summer schoolğŸ¤—ğŸ¤—ğŸ¤—,1
everyone pls stop shooting fireworks my dog is scared :(,1
I love days when Rob works short call and is only at the hospital for *checks watch* 13 hours.,1
@tedcruz @Dream worst timeline,1
@BBCAMERICA Thanks for disrupting your narrative continuity with commercial break previews. #SpoilerAlert,1
"i love how i literally just finished watching the fifth hp film and then turned to my mum and said ""love a good bit of character death on a sunday :)""
the dsmp lore has utterly ruined my attachment to characters and how i see stories now. i am a broken woman.",1
i went outside today and suddenly my depression is cured,1
Canâ€™t wait to be back at uni so I can order more shoes and clothes without my mum telling me off x,1
love when the train stops in philly and everybody boards and of a sudden it smells like a ham sandwich,1
"Thanks @Tesco for not informing me that my click and collect order had been cancelled when my account says it's ready to collect my partner has had to travel unnecessarily to Stafford and we still don't have our shopping, good diet I guess having to wait for my 26th delivery slot https://t.co/xq9oXEkw8o",1
My dream is to be left alone.,1
@lora__ SHOCKED. How am I supposed to tell the kids they're not going to Disneyland on June 21st after all? It's already been cancelled 36 times! https://t.co/SV8gpPn6yw,1
@BorisJohnson @MattHancock Oh really?,1
we happy!!!!!!!!!!,1
"first day of work, and iâ€™ve already cried on the job ğŸ‘",1
The fact I nearly froze on my way to work this morning is definitely a sign it's not summer anymore #freezing,1
"Damn, imagine being vaxxed and then getting a cold and then losing your taste and smell.

Oh wait.",1
Is this first Cybex isokinetic dynamometer? @DrAndrewBateman #PRS2021,1
"how you gonna ask me how iâ€™m doing â€œon this fine labor dayâ€ while youâ€™re off, as Iâ€™m ringing you out, on labor day.
how do you think i am ğŸ’€",1
apparently itâ€™s national siblings day? idgaf ğŸ’€,1
Worked out 2 days in a row. I am quite literally the epitome of health and fitness,1
yes i have little interest in doing things that applies to me,1
If you ever wanted to know what it feels like to have dyslexia I would recommend the book House of Leaves.,1
"@DanielIngolfur @The_Timbrodini @ViQueen55 @tedcruz I know, right? He even wanted poor people to be healthy, because he was basically a fucking communist. What a hippie.",1
"@DylanPetit17 @jaredj5 Let's listen to Dylan Petit over actually doctors, biologists and epidemiologists. ğŸ™„",1
Don't let people walk all over you. Or breathe on you. Either one.,1
Kepa had a great game,1
I am starting off my day by watching a Dragons Den special on Deborah Meaden and eating a Pot Noodle. My life is perfect.,1
"@Moffstovoi Well done! With the better coaching now available, can we expect a decent wee victory tomorrow? ğŸ˜…",1
@stockwa16053563 @PeterGWall @michael_saylor Michael Saylor is efficient in his line of questioning. Feels like more an interrogation ğŸ˜‚â­•ï¸,1
"I'd like to thank middle aged men watching the Olympics for solving the mental health crisis. Getting someone to shout ""get some perspective"" at every athlete struggling with anxiety will definitely solve their problem.",1
does ur dad hate you for no reason or are you normal?,1
I miss walking up 3 flights of stairs for class and having to catch my breath in the bathroom ğŸ˜©,1
this is my 3rd time taking a biology course and itâ€™s so EASY wow i love biology so much iâ€™m so glad iâ€™m so good at this subject.,1
Hot dog eating contest as a form of assisted suicide,1
Being 20 years old and going to concerts with my mom means I can scream all the no-no lyrics bc iM aN aDuLt,1
it'd be nice if missguided actually had stock for onceğŸ™‚ğŸ™‚ğŸ™‚,1
first game not starting when it's supposed to? a UCF tradition,1
Having a bad week but what else is new!! At least I finally got paid ğŸ’•ğŸ˜­,1
im about to just walk into a place and start working then and there and they'll have no choice but to hire me on the spot,1
just stuck my entire hand in a hot oven without thinking about the consequences. self preservation is clearly my strong suit,1
Turnover is the best band to cry to/drive to/daydream to/fall asleep to/ reminisce to/die to,1
"Congratulations to Trump on his second impeachment. Itâ€™s a tremendous achievement borne of hard work, focus and dedication. Record breaking. Historic. Bigly. #ImpeachmentDay #TrumpImpeachment2",1
yeah i enjoy some oregano on a nice pasta dinner (dumps oregano on mac n cheese),1
everytime i swipe through bumble when iâ€™m bored i just get sad that no one has the same complex interests as meâ€¦.rude ğŸ˜¤ğŸ™„ /j,1
Sitting next to the world's loudest mouth-breather on the first day of class did a really good job of demystifying grad school for me today,1
every date I go on I get a little scared will be phone swap,1
Nothing warms my heart more than seeing everybody come together and attack Westsideâ€™s administration â¤ï¸ #WycoPride #YeeYee,1
"Blatantly obvious that Lionel Messi is now set for a move to Leeds.

The Newellâ€™s old boys network.",1
"Canâ€™t wait to get home take a big ass antihistamine and roll in some topical steroids.

Damn it, skin! What did I ever do to you?!?!",1
"â€œtit for tat, butter for fat, you kill my dog, i eat your catâ€ is a liberian proverb for â€œan eye for an eyeâ€. my ancestors were spittinâ€™",1
@Chris_Ransom @CityView1904 @Uzzell01 @BBCSport Aware she was not a tennis player when she left Canada at 2 yrs old?? aware she did not pick up a tennis racket until 6 years old??.aware last12 years trained at the same tennis club in Bromley Kent England??the girl is British no haters or doubters will take that away from her,1
was not aware that Crocs were appropriate business casual attire.,1
"On a scale from 1 to 10 how deeply was your childhood influenced by the Hannah Montana 2: Meet Miley Cyrus double album?

This is for research purposes.",1
"Oh? You're a real anime fan? Name all the Boku no Pico characters, I'll wait.",1
@kidcuisine98 Based confidence and believing in proper eye contact-pilled!,1
Replace Pelosi #Nancy,1
"oh sure, the micâ€™d up pitcher at the MLB all-star game can say â€œgod dammitâ€ but when my 13 year old softball player says it she gets a â€œlanguage warningâ€ ğŸ˜‚",1
@SrutisJay one of them smonks weed so it's super worth it /s,1
@Dancruz07 Sureeeeeee you do,1
"Bart is closed rn in Oakland so I canâ€™t go to work, Iâ€™m so upset....",1
Just redownloaded the @achievement app - let's see if it improves my exercise routine!,1
"Just signed up for Apple's Ping, told it I like 'classical' and it points me towards Lady Gaga. It takes a certain genius to be this crap.",1
iâ€™m going to cut off contact with every single person i know and emerge in a few months o a year from now having lost the ability to physically speak but be able to play the meanest fucking accordion youâ€™ve ever heard in your pathetic little life,1
Itâ€™s funny that you guys thought sports mattered during a pandemic. I simply can not imagine caring about a winning streak rn.,1
"ah yes, of the course the summer rain pours when im on foot.",1
Keanu reeves is killing his role in ozark season 3,1
getting stopped by tesco security is the highlight of my day,1
Yay for being locked out of your own  house because you forgot your key,1
craving an ice pick lobotomy on this Friday afternoon,1
my favorite thing about my grandparents is that they're so afraid to talk about me being gay that our catch up phone calls are incredibly short ğŸ’˜,1
My coworkers play this fun game where they try to describe bars in la crosse &amp; have me guess which one theyâ€™re talking about,1
The fair-weather fans in all of these threads. Wake up call. Fleury is a human being. Surprise!,1
"@traves whoa! that's a little too crazy man, slow down",1
"Wow. Liam Neeson is coming across as a rational man,isn't he!!?",1
"No joke, air-fried Twisted Teas are THE BEST.",1
"I find it hilarious that â€˜black and whiteâ€™ or â€˜all or nothingâ€™ thinking is considered a cognitive distortion and is a symptom of several disorders, and yet it remains a pillar of American (and Western) culture.

Itâ€™s almost likeâ€¦. our culture is toxic ğŸ¤”",1
It would be nice if my body would let me sleep...,1
"@Mythical So worried about him. But if you're looking to save him, based on the topography I'd say it's somewhere on the east coast. Perhaps the Carolinas?",1
All the shade i have been hearing about Ben Platt being unbelievable as a teenager in the @DearEvanHansen movie  boggles me.  Does nobody have any memories of Grease???  Name 1 actor on that film who believably looked high school age!,1
Drum and bass is dangerous stuff don't you know.. #FabricReview ğŸ™ğŸ»ğŸ™ğŸ»ğŸ™ğŸ»,1
the manliest thing I can think of is when the men from the World Cup passionately sing their national anthem,1
Love a good cry ğŸ‘ŒğŸ»,1
Perfect way to end a 2+ hour @SunCountryAir deley: getting stuck on the tarmack at @mspairport waiting to go to a gate for almost an hour ğŸ™„,1
"If your website still has a google plus share button, forgive me if Iâ€™m not tripping over myself to take your information as credible or current.",1
it's too bad i forgot how to play my clarinet so close to my recital,1
"but clinton's emails!
oh.
emm.
fucking.
gee.

clinton's god damnÃ¨d emails.

the humanity of it all.

ğŸ¤® https://t.co/cibY5Tn9s6",1
@goldfishbabe101 crispy all day every day over here âœŒğŸ»,1
@adorinqdwt @dwtridesgnf Yes the racist is so cool!!!,1
Putting the toilet paper roll on so that it hangs under instead of over is a crime worthy of the death penalty,1
"Synthwave communities really love pessimism don't they haha
Any upbeat energy and people get upset at ya",1
@avsmph But how can we possibly deal with a human experience we haven't first relentlessly quantified???,1
"The Drew Barrymore Show is an absolute trainwreck. Like The Tony Danza Show, every two minutes is a clip for The Soup.",1
It's soooo great that I've taken pain medication and my back is still hurting ğŸ˜©ğŸ˜©ğŸ˜©ğŸ˜©ğŸ˜©ğŸ˜©,1
Turned 25 today but woke up with $600 from the IRS in my bank account so quarter life crisis has been postponed,1
Only a a President as strong and decisive as @realDonaldTrump would force the FDA to OK a drug even before clinical trial results are in.  No need to wait for such silly formalities - people have been taking the drug for years and most are still alive and fine! #OkToTry #Gotrump https://t.co/IdxTJ7kucp,1
I reverse imaged searched a selfie and it under visually similar images it is exclusively asian woman my am I white passing narrative is quaking,1
also that jacket he wore yesterday iâ€™m gonna rip my eyes out :/,1
"@kagune_kun despicable tweet, my liege",1
Lovely day to be stuck at the mall with a dead battery.,1
"So now that it's not getting banned, should I download TikTok?",1
"Horse dancing is my new favorite Olympic sport, I have no clue whatâ€™s happening, but this is incredible",1
I just love when Twitter decides to reload the timeline seconds after you just opened it up and are in the middle of reading it.,1
somebody tell these birds to be quiet because they not listening to me,1
this bruh rly told me â€œUr anger issues are my playgroundğŸ¥°â€   so uhh hmu if u wana be friends bc i need new ones k thx(:,1
this just in: phobias CAN be chosen and you CAN get rid of them by just not being scared! ğŸ¥° /s,1
every time i send my mom pictures of me and one of my friends doing fun things the first question she asks is if we're on a date what are you trying to tell me mother,1
"Are GoFundMe accounts a form of socialism?  I donâ€™t have enough money to pay my bills, so let me create an account an ask for money to help pay my bills. ??",1
not to alarm anyone but i just saw spider-man by uta,1
Tell the liverpool players to get some beers and just sit on the grass for the full 90 mins. Let leeds score as many goals as they want. #NoToEuropeanSuperLeague,1
Omg thank u for pointing out that I apologize too much ğŸ™,1
Imagine not liking football ğŸ¤£,1
@catboychika Aren't you happy I gave you less competition for ranking,1
"My dad just said to me, â€œHey, youâ€™re kinda skinny, can you slip behind the fridge to look at something?â€ and it might be the nicest compliment Iâ€™ve ever gotten. So guys, go tell your girl you think sheâ€™s kinda skinnyğŸ¥°",1
"Someone in the pub just described the England team as ""a bunch of Marxists"". Makes you proud doesn't it?",1
"Yay - snow day, I can work from home - oh wait....",1
"the audacity of the neighbors to mow the lawn while i'm trying to sleep, at 6:30pm",1
"Youâ€™re all sickos for being mean to Trump so much for the tolerant left ğŸ™„

anyways George Floyd had it coming",1
Gosh sunderland twitter is a fun place to be tonight isn't it. One game. One game!!!,1
If only people would care as much about poverty and social equality the way they do jumping up and down for Team Remain or Team Leave.,1
i hate it here â¤ï¸â¤ï¸â¤ï¸â¤ï¸â¤ï¸,1
"When you're feeling all in your feelings, but a certain BEST FRIEND is making you see reason, and maybe you'll be okay. So damn rude. ğŸ˜¤ @LadyDeadlight",1
Love it wen people try and stop my friends seeing me! Looooolll.,1
2 x sand eating toddlers for sale. No previous owners. DM for details x,1
"Day 2348 in lockdown. Never in my life did I think I would utter the words ""I've disinfected the chocolate"". #coronalockdownuk",1
@TheLunaCinema @seetickets absolutely no response from Luna Cinema and my completely factual review on See Tickets has been moderated and will not be published ğŸ¤” great to see @seetickets looking out for their customers. Excellent customer service all round ğŸ‘,1
"So our landlord just brought in new sofas which is lovely but in the process broke a table, someoneâ€™s cup and spilt tea on the carpet and left saying â€œyou should probably clean that upâ€ thanks Darren ğŸ–•ğŸ¼",1
Thank you to @OrchardMead for organising pizza and ice cream! It was a lovely end of year gesture ğŸ˜ğŸ’• Happy holidays everyone - time to collect our time owed in lieu! ğŸ˜… #summerholidays https://t.co/324jzGSElj,1
Yes you can break all the rules for Christmas and risk serious fines and killing your loved ones with a deadly virus OR you could âœ¨stay at homeâœ¨,1
Entry level jobs that require 3 years prior experience ğŸ’•ğŸ’• ly ğŸ’•ğŸ’•,1
Anyone else hear some like thunder or something?,1
why is the weather having a mid life crisis,1
"Roses are Red
Violets are Blue
My first love was Championship Manager
Tommy Svindal Larsen and Kennedy Bakircioglu 

#HappyValentinesDay",1
When your @Apple delivery gets stolen by a UK Mail delivery driver and the police know who it is but I still donâ€™t get taken seriouslyğŸ™ƒğŸ™ƒğŸ™ƒ,1
Cheers @ASOS delivery lady for dropping my parcel off covered in coffee ğŸ˜’ğŸ‘ŒğŸ¼ https://t.co/UzY4gJS9DE,1
"""coping strategies to help with tinnitus and hearing loss: see a doctor!"" Wow thanks internet",1
I love how men know they have a baby on the way in one month and they decide to go out and buy a brand new mustang wow,1
"Both kiddos have a cold I don't feel good and now I think my oldest is having stomach issues, oh what a fun night!",1
"So, a country that is trillions in debt, with numbers approaching 13 million on surgical waiting lists and hurtling towards facism regime, is talking about rescuing people from a facist regime?",1
"It's nice to see some heritage organisations are doing the right thing and putting the safety of their staff, visitors and volunteers first. Wonder what that's like...
...for reasons, this is aimed at nobody.",1
you would think the odds of me sitting next to the exact same stinky man three bus trips in a row is highly unlikely. alas I seem to be a lucky gal,1
the only ppl who should be worried about Bidenâ€™s tax plan r the ones who get gifts for easter,1
Always glad to live in Kent ğŸ™ˆğŸ™ˆ,1
This is awkward... @hollywills is a Diet Coke ambassador ğŸ¤¯. #ThisMorning,1
"Thinking about that time Blizzard had the brilliant idea to change everyone's name on their forums to their real names. God, what an idea that was.",1
Itâ€™s so fantastic when you pay Â£800 a month to live in London in a fully refurbished house and wake up with water dripping on you from the upstairs en suite XXXXXX,1
Just disposed of a dead opossum. Good morning!,1
"Thanks to India for being so inept. I was hoping for a full day of cricket, got snacks and everything. Cheers. You could have at least tried. #bbccricket #INDvENG #ENGvsIND #Cricket",1
i hope u sleep maybe forever maybe not  lol,1
"I can't wait to name my children after things I will never have. 
My daughter will be Hope. 
My son will be PS5 because that shit is expensive.",1
it's funny my mom thinks i possess no remorse when i feel remorse everyday for existing ğŸ˜,1
who needs an alarm when u can have the low rumbling voice of a stranger to wake u up in the morning ğŸ¥°,1
where can I hand my notice in for mental illness? been working at the same thing for way too long and itâ€™s time for a change.,1
"@MailOnline Another misogynistic, homophobic rapper.. how shocking!",1
"We get it ESPN. Sawx and Yanks. 

Let's go meteor.",1
"head is pounding, spent Â£25 on ubers last night and I have a 3000 word report to write :) yippee x",1
Inspired by the â€˜dinner with Jay Zâ€™ guy still going strong. I choose now to believe him,1
"You know what makes a 15 minute wait for the bus even better, rum leaking all over the contents of your bag ğŸ™ˆğŸ˜«",1
@cassieecote413 you can copy mine,1
"For a good laugh, follow me over on @vsheltonsports to see my best attempt at covering sports business news for class this semester.",1
First day of school and spectrum internet has already shit itself. Amazing,1
alllllll nighter. woohoo,1
"""Alexa add small bananas to the shopping list."" I've added smooth armours to your shopping list."" Gee thanks Alexa! #alexa",1
Every time I see an establishment with paper straws I turn a little bit Republican,1
Love that someone broke into my car this morning,1
I hate you so much @Eagles,1
So weird how Venmo hasnâ€™t venmoed me yet really thought I was the one,1
I love leaving the doctors office in tears. I need this kid to just decide to leave my body so we can be done and home together.,1
Joey the genius! I wish i was as brainy as him #towie,1
I'm hoping my social work class party is going to involve tequila and chip and salsa ğŸ’ƒğŸ¹ğŸ‰ğŸ‘¨,1
imagine being able to sleep haha canâ€™t relate,1
only have to physically be in uni for an hour a week looool mmmm take my 9k xxxxx,1
Nice to see @Cardiffbus have started the new year off with the usual crap service. Just love waiting for a bus that doesn't turn up,1
Just gotta realize no ones interested in what I have to say ğŸ‘Œ,1
nothing quite says hello 2020 like hypothermia ğŸ¥³,1
you know whatâ€™s a novel concept? rapists and sexual assaulters not only ruin the lives of their victims but also THEIR OWN LIVES. yeah. not the victims testifying. maybe if you didnâ€™t want rape accusations then DONâ€™T RAPE. also a novel concept.,1
"our lord and savior, frank ocean, has saved us all once again.",1
i stg i probably talk to my tv more than i do to actual people whoops rip social life,1
Will pessi sign for man city,1
Life is about eating chicken finger and getting drunk,1
Iâ€™m still confused about DaBabyâ€™s point? Like would you have said â€œeverybody without cancer out your lighters upâ€??? like what sir https://t.co/EqcbAEkIJM,1
ate a bagel with cream cheese earlier and the impending doom immediately vanished from my mind,1
my hobbies include leaving projects for the night before and then complaining that the teacher didn't give us enough time ğŸ™ƒğŸ™ƒ,1
Death by Zara fitting room,1
Amazing how fast this team can go winning from 13 straight to losing three in a row. Lol. Horrible managing tonight. I really hope this Boone experiment is over soon.,1
"So my Twitter feed has to show me what tweets people I follow like. ...ğŸ˜ If I unfollowed you, just know I'm tired of seeing porn",1
can't wait to cop tickets to see the cracker quartet,1
Hands up who remembers when EVERY blogger and their dog was a brand ambassador for Coconut Lane ğŸ˜‚,1
"employer: so what are your strengths
me: iâ€™m smart iâ€™m funny iâ€™m nice iâ€™m cool iâ€™m creative iâ€™m hardworking iâ€™m made of wood iâ€™m honest iâ€™m fast iâ€™m awesome iâ€™m hot iâ€™m chronically ill iâ€™m little iâ€™m in demand iâ€™m",1
Who's ready for monsoon storms allllll weekend?!?!,1
Has any couple ever put furniture together and stayed together afterwards??? Asking for myself,1
"I spend the day sitting or napping, I ration my food like a psychopath, and I take one walk a day. I am my dog. #Covid_19 #CoronaVirusUpdate",1
Well. That went well. #BelgianGP,1
love waking up in a panic ğŸ¥´ğŸ¥´,1
"Oh boy, a song I'm gonna play on repeat until it makes me physically ill to hear it! Thanks FOB",1
donâ€™t make me rewatch panic ğŸ¤¨,1
pay it forward is honestly one of the worst movies I've ever seen why would would anyone make an ending so sad I've been crying for 30 min,1
"hello to all three of my followers, this is my big return to twitter",1
we used to make fun of rich men for using 3in1 turns out they were never using anything at all ğŸ¤®,1
Thanks @myhermes for losing my parcel but giving me someone else's. I'm nice enough to go give it to them though. Please DM me back soon ğŸ˜,1
Anyone need a body for a human sacrifice? Trying to find a valid excuse to not go to work today.,1
"@inkofreality @StrangerTings1 @nytimes You're so close to understanding baseline biasing. You can get there, I believe in you!",1
Mine and @livlawrencex snapchats are just stunningğŸ‘Œ,1
They should just put a wall around the pitch to stop the ball going out,1
@32watto Neighbours,1
"My PS4 Pro has P.T on it, which is somewhat funny as it was taken down before the PS4 Pro was even released #konami #PT #SilentHills #Spooky #PlayableTeaser #Kojima",1
never drinking again,1
I reckon I could have put that in the net Morelos sir,1
what a great day to be stuck inside ğŸ™ƒ,1
Happy birthday to me!! Iâ€™m 30! ğŸ˜­,1
Every time you complain about neopronouns or xenogenders we add five more,1
naming my son onickolas in honor of my love for @NICKIMINAJ,1
"Enjoy the bars and vineyardsâœŒğŸ»
Make sure to send postcards to the people dying in your local hospitals.  Iâ€™m sure theyâ€™ll be glad youâ€™re not bored anymore",1
@jabadgo @Nibellion Donâ€™t run it on a school-provided laptop,1
gotta love living in a country where itâ€™s easier to get an AR-15 than it is to get coronavirus testing ğŸ˜ğŸ˜,1
thinking about how no one is obsessed with me ğŸ’”,1
"If the sound of the rain outside wasnâ€™t bad enough Iâ€™ve now got my neighbours climbing onto their roof and shouting â€˜I love blowjobsâ€™, perfect background noise for me trying to study ğŸ‘ğŸ»",1
It was the jerseys,1
"Sooo... @adamlevine was that ""Nice!"" and double fist pump for the show or @shakira s ass that you were checking out? @NBCTheVoice",1
@MarkHendyHR Only joking... keep it real. HR professionals have a life too... ğŸ¤”,1
Shaving in the shower without your glasses/contacts is EXACTLY like performing blind surgery ğŸ‘€ğŸ”ª,1
if jesus was resurrected again i would vote for him,1
"New levels of desperation: sleep is now truly insignificant to me. In fact, itâ€™s a downright annoyance.",1
"So I have an exam tomorrow, but likeee if the country is about to turn into a war zone does it really matter??",1
"Absolutely LOVE spider season! I love crying in fear. I love not being able to sleep. I love people telling me that I'm being ridiculous. I love hearing ""it's not gonna hurt ye"". I love using every orange peel, conker and peppermint oil known to man. I love fear. ğŸ˜‘",1
Getting a dog was single handedly the best and worst thing Iâ€™ve ever done..canâ€™t imagine life without her and I canâ€™t live without her.. Make sense?,1
cant wait to dance with harry styles and the delta variant at their concert in november!!,1
really honoured to have shared a coach today with a group of girls who didnâ€™t know downing street was real and thought the prime minister and the queen lived together at buckingham palace,1
Itâ€™s â€œletâ€™s see how many crumbs I can find in scarfâ€ szn.,1
"The best part of going out, is waking up at 2PM the next morning wondering whether you're dead or not and what day it is. ğŸ˜‚ğŸ˜³ğŸ˜€",1
"Lucky for @JoelEmbiid , only MVPs get tossed for those kinds of fouls #76ers #ATLvsPHI #hawks #NBAPlayoffs",1
"@JasperSmiith @LentonDNRA @ShearerWest @registrarism @UniofNottingham @CllrDaveTrimble @SallyLongford @CllrDavidMellen @LilianGreenwood @MyLWE @MyNottingham Yeah just a coincidence that infection rates go up and down dependent on when students are in the area or not, also tallies in with the parties being attended by up to 3 times the amount of allowed attendees. Definitely not students ğŸ¤”ğŸ¤¦ğŸ½â€â™€ï¸ğŸ™„",1
"The most 2020 quote of the year:

Me: we should go to the Van Gogh Museum!
Little Brother: is that the donny with one ear?",1
Iâ€™ve always known #Bez is my spirit animal but seeing the mess he makes on @MasterChefUK confirms it 100% what a legend that man is,1
"Nothing can be further from the kickoff of the NFL season than a pre-game performance by Ed Sheeran.

Nothing against him but he just doesn't inspire me to watch football.

#Football #NFL #Weak #TestosteroneDeficiency https://t.co/JTI2qgSxUq",1
I love when I learn about stuff I've apparently done and said from peopleğŸ˜‚,1
@sdeditgirl You should know a true Oregonian doesn't use umbrellas!,1
How is it possible that Sly Stalloneâ€™s â€˜Cobraâ€™ is both the best and the worst movie ever made?,1
people who say that theyâ€™re allergic to pineapple are pathological liars!!!!!!!,1
"I love calling my mom early in the morning and waking her up, I take it as pay back for all the times she never let me sleep in ğŸ˜œ",1
Great night last night! Muggins here is the commis chef crouched down in the corner. Seriously an honour to help raise money for @acf_uk and work alongside these stellar chefs. Thanks for having us @nickg67 @frontlinechef! https://t.co/mkiTEpMzaz https://t.co/SVgdFYHyi4,1
@GainzyXBT Actually I've extrapolated based on the last daily candle and it turns out BTC will be sub-zero by December. The math doesn't lie.,1
"""Should I wear my lime green pants?"" dad its 4th of july...",1
How does one find motivation to do basically anything? Asking for a friend.,1
Sick of being healthy already pissing like a racehorse !! Keep Well hydrated Han 4th litre of water ğŸ’§ğŸ’¦,1
James Harden is allowed to travel every time he drives apparently,1
South Park being taken off Hulu is the worst thing thatâ€™s happened to me personally in 2020 and like.. my dad died,1
do i like him or is his hair just curly??,1
â€œYouâ€™re never going to have a white boyfriend are you Jessâ€ Nah donâ€™t think so Mum,1
flew into a rage this morning bc i couldnt find my karaoke mic so yeah i would say things are going well for me,1
My favorite part about running on the track is seeing how high my heart rate gets just walking up the stairs to it.,1
Most people have security cameras for protection. Ours acts as a DVR,1
Is there a zombie apocalypse going on upper street,1
ğŸ’«jsc bonding nightsğŸ’«ğŸ¥°ğŸ¥³,1
tiktok's full name is tictactoetok,1
you ever completely embarrass yourself on zoom and decide to drop out of college?,1
thats it im packing my things and moving to italy see u all in a month xo,1
@kashirenaii i would never go to six flags with u,1
next person that puts beomsil on my tl has to deal w me crying on the floor,1
its 3 30 am and I have decided the only redeeming quality of a male is that I can put my freezing cold toes on him and leach his warmth,1
just met the love of my life don't text,1
bad romance by lady gaga is the best song to ever come out of the american music industry and anyone who says otherwise is a liar,1
"Well done to the guy who was charging down the stairs at Ealing Broadway and sent me flying, you made me cry.",1
Day 3 of night shift: â€œCan I get a triple shot puppuccinio?â€,1
"Funny Quote of the Day: ""I believe in luck: how else can you explain the success of those you dislike?"" - Jean Cocteau",1
@trpalomo Those boots must be tasty for how much they're choking on 'em ğŸ’€,1
Good morning September... Hello tonsillitis :(,1
Someone shouldâ€™ve had me committed the day I decided to buy a pair of non-stretch denim jeans,1
"@KellyMartin_UK @Morrisons Youâ€™re right, itâ€™s all one big conspiracy. You should boycott the NHS too, theyâ€™re in on it as well",1
@SkySportsBoxing if i think you would have a chance against fury i mean its easy for some broken bodied old boy to beat the best in the world,1
Just saw a cop riding a segway?!! So glad my taxes paid for that.,1
It really bugs me when teachers uncap and recap highlighters three or four times per book when marking - Poor time management! #efficiency,1
"""I can't wait to be a piece of shit with a bachelors degree""",1
Love it when someone buys a Â£175 coffee machine in Paris with my debit card ğŸ˜•,1
@RealCandaceO Ok so when does the anger and bitterness start? Just so I can prepare properlyâ€¦,1
"I'm so glad the clocks just went back, I have this whole extra hour of insomnia to play with.",1
"Please consider map filters on online mutliplayer. Pretty pls, thanks @CallofDutyUK",1
Got a bloody screening invitation for a massive film - YES THAT ONE YOURE THINKING OF - and both screenings are on school days ğŸ˜­ tempted to quit teaching tbh,1
Having morning sickness when you're not actually pregnant is all the fun,1
They really said you canâ€™t have nice weather AND no lockdown for your bday this year huh,1
â€œitâ€™s hotter in the america right now and it feels fine british people are just being dramatic ğŸ™„â€ QUICK ARE YOU SAYING THIS INSIDE UR AIR CONDITIONED HOUSE â€¼ï¸â€¼ï¸â€¼ï¸,1
Just had a flashback about a boy and nearly threw up in my mouth,1
@Ciara87C @RachaelSmarty @SashaHumphreys2 my tinder convos have been leaked,1
"Dear @krispykremeUK,

I see your enticing #Thanksgiving offer that ends on 2 Dec.

I wanted to ask if you're aware that #Chanukah starts on 10 Dec, continues for 8 days &amp; that traditional Chanukah fare is actually #DOUGHNUTS ?? ğŸ©ğŸ©

#justsaying #AskingForAFriend  #opportunity",1
Wow great album from Kanye. v John Cage 4â€™43 vibes x,1
"Just got in, howâ€™d Liverpool get on?",1
Actually considering applying for the undateables,1
"@JoeTalkShow @EdwardNorton Get ratioed, then tell us more about the ""hate-filled left,"" especially about how the Republicans and independents who voted for Biden are somehow part of that group ğŸ¤£",1
"thank you kind person that stole my ATM card, you must have known I wanted to sit at the bank all day.. half hour and still waiting #mondays",1
So excited to start this job!ğŸ˜Š,1
"Maybe if we didnâ€™t comment on things that donâ€™t concern us, the world would be a happier place?? But what do I knowğŸ¤·ğŸ»â€â™€ï¸",1
"dad: ""are ya sending any of those boys from 5soz (wtf is a 5soz dad) a valentines gift?"" 
me: yes dad yes i am cuz im dating all of them duh",1
"I just read, ""oftenly"" and threw up in my mouth a little.",1
"I unsubscribe from being an adult, its not for me",1
i love siriusxm. siriusxm is my friend,1
"A whole 2% off for a single order, rejoice",1
Canâ€™t wait to see Ed sheeran at tramlines tomoz x,1
"@kirkkorner ""But it's a deterrent"" ğŸ™„",1
Great start to the day Neros was shut and now I'm going akip on the bus ğŸ˜´ğŸ˜µ,1
@Torialou78 My excellent photography skills! :p lmao!!!,1
"@SIazVest @rodneyjaguars57 Fuck you got me there, you better get back to getting upset and jealous over successful and talented boxers",1
Just rediscovered that my nose is always in my field of vision so I will unfortunately be dropping out as I cannot continue my assigned readings in peace,1
There is nothing new in an oliver james publication that can't be found elsewhere for free. He's a leftist living a straight bourgeois life,1
Sometimes I wonder if Priti Patel and Boris Johnson think that the Prime Minister is the one with the best K/D ratio. It would make sense with the whole 'let the bodies pile high' thing.,1
Just won 3 cents on HQ words...early retirement here I come ğŸ˜,1
Schadenfreude x,1
"Being a mom with an autoimmune disease means I am a grown ass woman that caught hand, foot, and mouth from my daughter. My Hashimotos sucks. Thanks for all the sicknesses I so graciously suffer and should not be suffering at 40.",1
My gf has been in the Hamptons nannying for a few hours and she has already been to a POLO match. Is she in GOSSIP GIRL?,1
my computer does this fun thing now where it shakes in a way that exactly replicates what happens to my vision when i forget my meds so thatâ€™s exciting !,1
I'm just living off salads and yogurt and loving it tbh,1
ğŸ’• tip for baking bread! ğŸğŸ¥ğŸ¥– you can use the yeast in your dog's ears to substitute active dry yeast or instant yeast in a pinch! ğŸ’•,1
"You guys, how cool would a British version of Breaking Bad be?

Lol jk, they have universal health care so Walter White would never have to resort to cooking meth in a trailer to be able to fund his cancer treatment.",1
Ainâ€™t never really had a daddy so Iâ€™ll never really need one ğŸ¤·ğŸ¾â€â™€ï¸,1
2 minutes into the book and I already hate the main character. Lovely,1
i would rather be outside reed timmers car in f3 tornado winds than go to work today,1
"North Dakota: *has one decent week of weather*
Mother Nature: NOW I SHALL CAST OUT THE SUN AND BRING THE COLDEST OF RAINS UPON THY SUPER, DUPER FLAT LAND.",1
I never feel more empowered than when Iâ€™m listening to â€˜this is meâ€™ from camp rock,1
Happy birthday to me. I got pinged and can't leave the house ğŸ¥°ğŸ¤¡,1
"don't cry because it happened, smile because it's over &lt;3",1
@rickyberwick And you said Donald trump was racist ğŸ˜‘,1
so the royal family is sound with pedophiles but as soon as a mixed race baby comes into it theyâ€™re scared ? makes sense ğŸ¥´,1
IF ONLY PEOPLE WOULD RAKE THE FORESTS. #Debate2020,1
I really hate the new TikTok voice over voice - she sound annoying af,1
Mad how many cars they make now without indicators ğŸ™ƒ,1
my car is acting up AGAIN for like the 3rd year in a row and Iâ€™m just going to drive it into the river at the point,1
My living room feels really lively now. Iâ€™m recklessly sipping tea absorbing choons #TaeSup,1
Lil Pump is the Nelson Mandela of our generation,1
I too enjoy making shit up and pretending like I understand basic economic principles https://t.co/cHDBHaxBBR,1
Just nearly cried in the tesco express because they didnâ€™t have the cheese pizza or the back up pizza I wanted. My mental stability is strong today.,1
this time tomorrow i'll be dying at school Cannot Wait!,1
rewatching degrassi for the millionth time,1
Matt Hancock is a top shagger,1
Iâ€™m gonna miss scantrons shortening my name to â€œChristâ€ after 16 years,1
"Day 55 of Lockdown. Finally bought some jigsaw puzzles. Absolutely cannot wait for them to come, highlight of my day (maybe even year)",1
Donâ€™t you just love it when they dig up your road at 8:30am on a Saturday ğŸ˜ ,1
Just watched a man smoke crack on the R train in front of 3 families. New York is healing âœ¨,1
Using my recently acquired video editing skills on myself for a change. An oral #presentation assignment on #healtheconomics is as much fun as it sounds ğŸ—£ğŸ¥ https://t.co/1LKHVyupie,1
we love when the power goes out at 6:30 in the morning on a wednesday https://t.co/BBIQ7ZYS3x,1
"Itâ€™s spring, so that means itâ€™s time for couples to leave the bar across the street and come fight under my window at 2 am again â¤ï¸",1
"Get ready for the next big horror game this season, Slender Suburban Man",1
If I were the Red Sox I would simply play the Orioles more,1
Wow... the universe gave me the task of a potty training a whole human? the audacity.,1
@Mike_Fabricant This aged well,1
tanning in this heat is an extreme sport,1
Just almost got hit on the highway by a @CityofSanDiego truck ğŸ¤ª tysm for making me feel safe guys!!!,1
Jaegermeister did 9/11,1
"If you watch #TheCrown and donâ€™t  simultaneously wiki deep-dive on the royal family, did you even watch The Crown?",1
Searching for Pokemon later because I hate myself haha !!!,1
do you think when a middle aged white man goes to buy a big lifted brand new F150 they check to make sure his penis is incredibly small?? or do they just take his word for it,1
"me: revises cells + other general biology stuff
edexcel: ""i want a fit summer bod, get them to tell me how i get one""
#EdexcelBiology #Gcses2018",1
good evening sharks. hooters but for feet.,1
Hailey convinced Tayler that putting a spoon in the microwave to scoop ice cream faster was a good idea,1
too many dudes are wearing birks with socks on. grow up. get the fucking toes out man.,1
came home to realize my family found and read my quarantine journal lmao lucky I didnâ€™t get involuntarily committed wtf,1
No longer a female as I refuse to wear heels ever again,1
I changed out of my pajamas today and I think thatâ€™s really brave,1
I would like to dedicate my hot girl summer to the Eastpointe Chick-Fil-A. Thank you!,1
omg my ships are gonna love what taylor swift has done for them,1
Canâ€™t wait for those $2000 checks to go out immediately,1
"Hearing I love you is nice and all, but has your SO ever told you to eat shit? ğŸ˜ğŸ˜ğŸ˜ ugh @samduhclam",1
"AT&amp;T is truly amazing
They think my lg g7 is 3g only to the point where they sent us Walmart Altec phones and said they'd shut off service.
We called them, they told us to not worry and if the phones are fine they wouldn't be shut off
Guess what got shut off this morning? LOL",1
They really took friends off Netflix ğŸ˜­ğŸ˜©ğŸ¤¦ğŸ¼â€â™€ï¸ what am I suppose to watch now??!??!!,1
Got my first shot. Feeling pretty good. Kinda feel like buying some Microsoft products. The shot didn't really hurt. But what will hurt is if I don't take advantage of the Microsoft office deal going on right now for a limited time,1
Why are the side effects of antidepressants so âœ¨scaryâœ¨,1
I like making food and then not eating it to assert my dominance,1
victoria has a crush on maluma,1
if i saw a capybara in person id probably throw up,1
"Using an educator discount, I receive 20% off Manga at B&amp;N. This is the only reason I am a teacher.",1
shoutout to the kid who brought a pineapple to hc and threw it around #madrespect,1
CLB cover art makes me want to pound my knees with a hammer.,1
virgos are leos in a vest,1
itâ€™s literally so hard being this hot and sexy and beautiful everyday,1
It's been a productive last day. Maxed Out all my credit cards in preparation of my Rapture tomorrow!!! #iwishwehadallbeenready,1
I just love falling up the stairs ğŸ˜‘,1
Is spunk a slur?,1
i have bags under my eyes because im tired of your bs:),1
I never thought Iâ€™d have a mortal enemy but itâ€™s whoever keeps printing on blue paper and then leaving like 5-10 blue sheets in the math room copier when theyâ€™re done for the next unsuspecting person,1
i love when i respond to my professor immediately after she emailed me and i still havenâ€™t gotten a response :)) (itâ€™s been almost 4 hours) :)),1
imma still vote for vermin supreme this presidential election ğŸ˜¤,1
"Iâ€™m so glad I know the quadratic formula from 8th grade instead of knowing how to pay taxes, get ready for college, oh OR ANYTHING ELSE USEFUL THAT INVOLVES BECOMING AND ADULT ğŸ¤ ğŸ¥°",1
Man PepsiCo loves to add 750g of sugar to a mixture of their existing flavors of sodas and call it a new flavor of dew or Pepsi...,1
"love island is ending, law school is starting againâ€¦summer is really over",1
"@jimcramer Yo jim I put my life savings in $didi at $16 as per your request now me and my family are eating MREs in full survival mode

What should I do?",1
so many people pressed that italy won sorry eurovision belongs to the bisexuals now x #Eurovision,1
As a woman I dont need hobbies dreams or goals cause I can spend all my time wondering why he didnt text back crying into a bag of doughnuts,1
So staying up late was worth it..... ğŸ˜ªğŸ˜©,1
@TheSpursExpress @JBurtTelegraph I've done this to my employer too. I'm expecting we'll both get the same answer,1
"Man-spider. The story of a spider who's bitten by a human and now has the powers of a human. Working in an office, wasting money on artisan coffee, and giving up his bus seat to a woman who turns out not to be pregnant, but just ""likes sandwiches you a-h*le"".
#IntoTheSpiderVerse",1
"@AmazonUK why does Alexa UK not get improvements like Guard, Adaptive Volume, Male voice? Should we pay less for the devices than the US equivalent?",1
Bristol is absolutely littered with students!! Glad I never was oneğŸ™ˆ,1
"@GeoffreyBrock6 @RevRichardColes Do you really believe  that? I'd put more faith in the giant pumpkin. Wait a minute, he is the giant pumpkin!",1
What happened to unbiased journalism @SkyNews?,1
"Oh wow, trolls really have a lot of time on there hands, jeez ğŸ™„ they really donâ€™t like getting banned #twitchtrolls",1
Iâ€™ve been laid off !! Nice:)),1
Lol at my life :),1
I love it when someone criticses my parenting then their adult son cuts his finger off with a knife and breaks his leg by falling off a bike,1
Iâ€™m in Canada so like Happy 4rth?,1
Anyone else wanna ruin me day x,1
"Have the most balanced diet, a healthy balance of codeine, panadol and ibuprofen....",1
@devisridhar Do you know of any good chippies in the Crewe area?,1
i love 6 hour panic attacks,1
"@OldUnclePunch Yes, because we really have that sort of power. Why do brexity types always sound like they are all paranoid conspiracy therorists?",1
@DarrkIt @iamspade_ ya need a carry hit me up im a octane main,1
The numbers talking to me!,1
"apparently it's the biggest ask on the planet to find decently priced sandals with an enclosed toe. PLEASE, INTERNET. I just want to have vaguely summery shoes that don't involve me having my toes out to the world at all times lmfaoo",1
Ayeee itâ€™s officially â€œIâ€™m not even your girlâ€ season ğŸ˜›,1
Stop gatekeeping retirement living communities. I am mentally and spiritually ready to move in.,1
Corsodyl failing to consider i like being a person who spits blood when they brush their teeth,1
@c_j_mcburney Suspect thereâ€™s still room for you in the ground,1
Pregnant and constantly crave KitKats. I literally have been living off of them for the past 4 months.  @KitKat_US,1
"Packing to move house, and currently wondering why I had to pick such a heavy hobby? Like, why did I have to pick reading? Books are so heavy, my back hurts. Why couldnâ€™t I have picked knitting? Yarn is light ğŸ¥²",1
"these two girls are on the beach in lawn chairs, i love shoobies",1
"I'm literally out here trading eggs for potatoes

Day 1 in our new dystopian society is going well #coronavirusUK #coronavirus",1
I do love it when my mum makes me spend my savings on beer ğŸ˜’,1
School psych life if fun because you can feel like complete shit but chances are you have meeting that determines changes in a studentâ€™s education thatâ€™s bound by legal timelines and took coordination of 6 different schedules and youâ€™re the only one who can run it,1
Not only did I have to take care of covid patients last night but my charge nurse told me the covid scrubs make me look â€œunwantableâ€! Great!,1
"@Rosievix @mouthwaite Well, illegal immigrants  categorically donâ€™t get money from the government but why let a little thing like facts get in the way of a good bit of xenophobia...",1
"ever just peep fox to see what crazy tuck is saying? tonight, i am learning that fauci actually funded the creation of covid in a lab and is solely responsible for the pandemic",1
I would do so much for people that would do absolutely nothing for me lol at least i know who my true friends areğŸ˜€,1
â€œI donâ€™t really like partyingâ€ Oh is that why youâ€™ve gone to parties twice in the last week? Because you just canâ€™t stand it? Makes complete sense.,1
Wishing all the birthday sex on @laurabora620 today ğŸ‚ https://t.co/JtP0FCvo9R,1
"Yeah Iâ€™m following a lot of shows right now, the price is right is pretty good but season 1 is better than season 2",1
Elaine Quijano exhibits roughly the same amount of control over this debate as two rabbits do on their first date.,1
"@barcacentre Unemployed and lazy that Messi guy ğŸ˜‚

(I'm being sarcastic guys, I'm warning you lol)",1
"My poo is green, how festive.",1
turning 22 next week so naturally I increased my tinder age range up to 60,1
Is it unreasonable to spend Â£50 on a bonsai tree? Asking for a friend ğŸ¤”,1
im glad we finally have a party in opposition who are committed to taking the government to task for not making mistakes fast enough,1
"Men love making women think they were the problem when they finally decide to leave after putting up with mistreatment for god knows how long 

â€œYou were supposed to be my ride or die ğŸ˜©â€

Okay, so die then.",1
"I heard it might be snowing ??? Sounds fake, but okay??? Can anyone verify?????????",1
is this an earthquake because i am shook right now,1
@TheBabylonBee And the hot air and BS she generates makes for a perfect backup energy source!,1
How DARE my friends have jobs/boyfriends/lives they should consider my feelings and be free when I am,1
"Going to M&amp;S food will be the highlight of my day later, canâ€™t waitğŸ‘ŒğŸ»ğŸ˜…",1
A fun musical mashup is the country music playing at the gym with the one guy playing old Eminem on his phone at full volume in the locker room shower ğŸ¶ğŸ¶ğŸ¶,1
"@kittin_knittin According to a Trump republican,  that's relative to Penis size.  There's a video.  Lol",1
"not to brag, but my thesis topic was so good that someone else published on it three months ago ğŸ™ƒ",1
I'm the highest I'll ever be on 420 in my life! I'm on an airplane duh,1
just found ive been walking on a broken foot for the past 6 months ğŸ¤ªğŸ¤ªğŸ¤ª,1
it's all about women in stem struggles. what about women in interactive media struggles: i no longer win against my friends in smash because they major in goddamn video game.,1
Can cats wear nail polish,1
"Watched 127 hours... Kinda reminded me of this one time I got a bad splinter. Writing a book about it now, hit me up for an autographed copy",1
Love everything in my basket selling our before the sale was meant to startğŸ˜’ @ZARA_Care @zara,1
@mcfcok82 Thank you for your well balanced and thoughtful input,1
accidentally followed CCD guidelines instead of CDC guidelines and now i have covid AND catholic guilt :/,1
watching tik toks at full volume in the middle of the airport should be a federal offense,1
iâ€™m gonna get a boob job so i call myself a customizable doll,1
Friendly reminder youâ€™re not vegan if you swallow cum,1
what i love about mine and summers work schedules is that she will finish at 8pm and then iâ€™ll start work at 9pm and then when i get home at 7am sheâ€™ll start work at 8am â¤ï¸,1
Uh oh Ben Simmons will also have a Steph Curry type season 76ers better not trade him now https://t.co/kkpzfcTcSH,1
â€˜Itâ€™s only a gameâ€™ ğŸ¥´ğŸ¥´,1
I love to pick my modules on a first come first served basis at the same time as everyone in my entire year on a website that hasnâ€™t been updated since 1995 . Thrilling â¤ï¸,1
"Oh good, it's time for the bi-monthly random power outage.",1
"Wish I was the bitch that Elijah hewson fucking hated, sad :(",1
Might just fuck around and take some horse dewormer for the thrill of if. Maybe Iâ€™ll feel something,1
"@adi_jord agreed, this is ridiculous, gotta cop a pair",1
Why was I not told Matthew Stafford and Cooper Kupp eat breakfast together before I drafted Robert Woods over him?,1
@abhiishekkkkkk @FCBGox Did you even watch a single la Liga madrid game last season bruh Varane isnâ€™t that good anymore,1
can't wait til a bunch of pudgy suburban dads save the day with their firearms,1
Throwback to when I answered the phone at work with â€œthank you for calling Courtney! My name is principalâ€ wow I love myself,1
V excited to grant an extension to students who email me and my co-teacher and get both of our names wrong,1
ima get up early tomorrow and make some tea and sit on the patio oh how I love to imagine things im never gonna do,1
. @shopDisney thanks for shutting down the only Disney Store in northeastern Ohio. The other two stores went out of business yrs ago. Itâ€™s not the same with shipping costs online not to mention LE doll sales are an absolute nightmare online. So unbelievably disappointing. ğŸ’”,1
"just booked to see David Gray too,,, am i 40",1
I may look happy on the outside bit on the inside I'm dying #painful #sad,1
"Queer marriage is not allowed because it doesn't follow the ""age-old customs, rituals, practices, culturla ethos and societal values"", but all cis-men can commit infidelity with no consequences. Happy fuckin Pride people ğŸ™ƒ #SupremeCourtofIndia",1
@tylerthecreator @staci_zr can i use this chiamus for my ap lang speech about parallelism lmao,1
also if u met dream on hypixel.. congrats ! im not jealous at all haha im totally normal haha Good For You .. haha,1
Feels like 10 degrees!! Wow catch me in South Parks soaking up the rays ğŸ˜ https://t.co/EpgwTLgICW,1
iâ€™m sure 14 year old me would be delighted to know that 22 year old me is still getting stressed over websites crashing for bandsğŸ™ƒ,1
When you order books from the bookstore a week in advance and then you wait three weeks for ONE book and when you finally email them about it they reply and say they cancelled your order ğŸ˜ğŸ¥°,1
"Leave it to the nice people of Hutch to yell at me to ""eat shit"" while I run. Jokes on them, I do.",1
6 more hours and then a whoppingly massive 2days off work! wowzers!,1
me not turning up to work is a feminist movement actually,1
Good news: Played out of my mind from the sand traps today. Bad news: Was in the sand traps a lot today.,1
ik the republicans r like tryna say they won but idk why they donâ€™t just settle this w an instagram poll??,1
"@banalincolnlogs red among us guy, hes hot dont come for me",1
"Stimulus checks should come with hand lotion, a face mask, and a bonus for every Instagram bingos you do",1
hey guys! iâ€™m so happy to announce that iâ€™m officially brain dead â˜ºï¸,1
Did you know? Abuse and alcoholism and depression will just âœ¨disappearâœ¨ if the country is opened completely during a pandemic? #trumpisanidiot #bidenharris2020,1
safe to say my life is a lot better https://t.co/pE5isUMOpk https://t.co/K2hep49TcF,1
"Currently bombing aces on the volleyball court and math tests in the classroom.
#StudentAthlete",1
If anyone wants to know how my nights going I tried making a private story on Snapchat and instead made a group chat... I hate my life,1
"itâ€™s amazing how many people get mad at you for simply Raising Questions, such as â€œwhat if the vaccine makes your balls inflate like helium balloons and cause you to float away to never be seen againâ€",1
My favorite part of flying is getting to walk past the rich people to get to my poor person seat.,1
"Ah yes, back spasms when I take a deep breath. This is âœ¨28âœ¨.",1
being single during college must be really fun when ur nOT IN A GLOBAL PANDEMIC,1
"fisher: ""i thought you said aids"" 
me: ""yeah rachel really loves aids""",1
Why is this 30 yr old man trying to flirt w/ me at this wedding and talking about getting away with dating younger girls. Sir I will call the authorities,1
When I grow up I wanna be a sociopath,1
wearing a cute jumpsuit is all fun and games until you have to go to the bathroom,1
"I've made a roommate complain tweet every day, and he's done another thing, but I'm tired of negativity so I'm gonna list all the things I like about him! 

Here they are:",1
"Ah yes, another afternoon with the WiFi down...really makes working from home that extra bit more enjoyable :)",1
jack antonoff once ur done with clairo iâ€™m right here sweetie,1
Why am I not famous yet cos Iâ€™m actually fucking hilarious,1
My life has gone from â€˜drive it like you stole itâ€™ to â€˜drive it like your toddler needs the toiletâ€™.,1
"Donâ€™t keep up with the Joneses, the Joneses are broke!",1
"I see Dettol, Toilet Duck and Zoflora are all trending on Twitter. Now why could that be... #TrumpPressBriefing",1
I've just got up at five forty five on a Sunday to watch the Japanese Grand Prix as a Ferrari fan and saw Vettel jump (and then fuck up) the start and Leclerc tangle with Verstappen on turn 2. Lovely stuff.,1
"@Showmasters are basically thieves, quoting itâ€™s in the small print so you canâ€™t have a refund.
Dates moved from summer, to a 4 hour slot on a Friday evening in November which is about as much use as a telescopic sight on a knife.#WeWantARefund @UKConsumerRight",1
itâ€™s so rude that iâ€™m not at the beach right now,1
Sleep? Whatâ€™s that... Iâ€™ve never heard of it?,1
"Me: You know, for someone with chronic anxiety I think I'm dealing with this pandemic quite well.

Also me: Wow, I forgot how good a freshly shaved undercut feels!",1
Love it when I forget to transfer my rent money over from my savings ğŸ¥´,1
"Incredible scenes in Nottingham, as it begins to rain for the first time this hour.",1
@MatthewStadlen @sajidjavid Thank you so much for your insightful thoughts- Iâ€™m sure @sajidjavid is overjoyed that you â€œquite like himâ€,1
"""friends""",1
love how badly i embarrass myself on nights out how iconic X,1
breaking my strict buying hiatus to get lisaâ€™s album? itâ€™s much more likely than youâ€™d think,1
"It was almost 70 degrees today but no, global warming doesn't exist ğŸ˜’",1
"According to my road rage, the word of the day is asshat",1
Halfway through snowboarding day 1 and pretty sure I have fallen at least 69 times ğŸ˜†â™‹ï¸,1
I'm A VeGeTaRiAN BuT I eAt FiSh ğŸ™ƒğŸ™ƒğŸ™ƒ,1
"Top 3 ranked video games of all time:

1. Minecraft
2. Roblox Paintball
3. Every single Just Dance",1
"Serious question: if I nick a car and elope to Gretna Green to shut my family up, how long will I do in prison? Can I finish my PhD there? Think I've got a plan, lads...",1
"Afghanistan just completely crumbling after spending over 2 trillion USD and 240,000 human lives over the course of 20 futile years of American occupation sounds amazing in theory, sure. 
But how are we gonna pay for it? Whatâ€™s next, chocolate milk for everybody?",1
Petition to call erections social dickstanding,1
"@faith_hi @PalmerReport Ahh yes, quick peek at your page and you obviously know everything. Thank you for the enlightenment.ğŸ˜‚",1
"Ok, so @bytereview and I decided to record on the evening of the 6th, just as absolutely nothing newsworthy was happening! Perfect timing as always, to go over some of the best ITSBUPs of 2020 - and how we're settling into 2021! Listen: https://t.co/oaPLwrtcHP https://t.co/za3EHuqcWh",1
"I asked my husband to buy dog poo bags when he went out earlier and they'd sold out. So instead of going to another shop, he bought bin bags. So now I still can't clean up after the dog but if I happen to buy a donkey and need to clean up after that, I'm sorted.",1
sure you have a paying job but are you a Silver Chick Fil A Rewards member? ğŸ˜¤ğŸ™„ğŸ§,1
"Me: ""Did you you find everything you were looking for?""

Customer: ""why, are you hiding something?""

Me: ""aRe YOu HIdiNg sOMetHinG?""",1
mentally Iâ€™m hiding in the walk-in,1
Love seeing 15 year olds being vaccinated in the states when I have to wait till the end of June for my first one,1
"oh youâ€™re just friends?

whyâ€™d u shave then?",1
remember when everyoneâ€™s feeds were just retweeted giveaways looool those were the days,1
why are the olympics worried about athletes having too much sex when the curling teams don't even compete in the summer games,1
Semester hasnâ€™t even started and Iâ€™ve already had two breakdowns :) this is gonna be a fun one!,1
When you get woken up at 3am because of aftershocks from an earthquake ğŸ‘ğŸ˜©,1
If you don't like Lemonade you're an extremist ğŸ‹,1
Agreeing with the right to dunk on the centre is the real dialectical materialism,1
my favorite gay drama is the social network,1
tex-mex restaurants that stop serving breakfast tacos after 10:30/11 am are the reason i have trust issues,1
I love giving a lecture to grad students on a topic I don't fully understand at 9:30am &lt;3 i need a coffee lmao,1
Woke up at 3 am with a MAD craving for pickles. I guess that means I'm expecting!,1
babe stop iâ€™m about to gleek,1
"@izzychari @mikeduncan â€œPlease get a free shot or take a once weekly nose swab. We will literally pay you to take time off to get the shotâ€- Czar Nicholas, King George, Charles I, and so on.",1
High stakes legos,1
Itâ€™s so easy to have the best day until someone lies to your face ğŸ¥°â¤ï¸ğŸ˜­,1
thank you @Ranboosaysstuff i just shit my pants ğŸ‘very cool #ranbooemail,1
@DetroitPistons @PistonsGT Cade Cunningham is my favorite basketball player please 2K ğŸ™ğŸ™ğŸ™,1
Rubbing my tears into my face is part of my skincare routine lol,1
"Broke: doing assignments in order of due date
Woke: doing assignments in order of priority
Wired: spending 20 minutes on each class at a time and just go down the list",1
I got asked if I needed a kidâ€™s menu today...21 is treating me well ğŸ‘¶ğŸ¼,1
Funny how my phone starts turning into a piece of shit when the new iPhone comes out ğŸ¤”,1
@AvatarOdin @aubviouslynot sounds like the american dream ngl,1
People who think cancel culture goes too far never learned about excommunication,1
iâ€™ve had more interesting conversations w my wall but alright,1
love seeing that my mom has officially started posting about the horse worm medicine being good for covid actually and theyâ€™re just trying to make it look bad bc itâ€™s so cheap ğŸ¤ª,1
Idk how some girls put on makeup everyday. Is it just to take selfies or have you just not discovered netflix yet?,1
"Well, what a way to ruin Easter. Thanks @CadburyUK https://t.co/zkkguY2g6M",1
@terryflewers @lfcsonny Has he given any clarification regarding what age Harvey Elliott needs to be before you can tackle him?,1
The high tomorrow is 45! Anyone wanna go to the pool?,1
"always remember thank your Alexa, just in case the AI take over one day",1
just your casual reminder that #AllBirthdaysMatter and I canâ€™t stress this enoughâœ¨fuck trumpâœ¨,1
@majornelson Sounds like a strong contender for GOTY,1
shoutout to the assholes at basically every gas station rn filling up multiple gas canisters when i donâ€™t even have enough gas to get home... ğŸ¥²,1
Just tested my egg drop at my apartment complex and it fell on a manâ€™s head :) but no worries he was bald so the yolk just wiped right off,1
Being a business major is legal conversion therapy and must be stopped,1
"Fav this and I won't send you a name of a random person, I'll just get a fav on my tweet",1
iâ€™m dying,1
I love health insurance so much fun paying $100â€™s a month and then $100â€™s for basic medical services that somehow arenâ€™t covered. #America,1
Old people donâ€™t deserve rights,1
hot girls have tree shaped dents in their rear bumpers â¤ï¸,1
"oh also, my song with my middle school boyfriend was â€œ143â€ by Bobby Brackins!! i really peaked geez",1
I picked next year's musical already...Electro City. Obvious choice.,1
I just saw the Matt Hancock video and now Iâ€™m scared that in ten days time he will climb out my telly,1
everyone say a prayer to the insurance gods that they approve my heart monitor so that i may continue to have the privilege of being alive. i love the US health care system,1
Why are toddlers allowed in public spaces,1
How nice of tonsillitis to join me on my holiday ğŸ–•ğŸ»ğŸ–•ğŸ»ğŸ–•ğŸ»ğŸ–•ğŸ»,1
wait what the fuck that solo yolo is mad?,1
I accidentally made butter when trying to whip cream this morning and I think thatâ€™s a great representation of how Iâ€™ve reached my capacity for working from home,1
Maybe if I watched suits in year 12 Iâ€™d be studying law rn,1
"will never understand why ppl do meth,, just buy a shit tonne of incense in bulk stupid",1
Ahhh I get to listen to a cement mixer all day. Awesome.,1
"You know the one thing I really wish I could see? I want  a Piers Morgan esque interview with #LilleeJean where she's forced to explain her shitty behaviour and see if she storms off or comes up with some BS to make her look cute and innocent.

It'd be a fun watch.",1
"wow, ok, unfollowing now. Was a big fan of putting your left leg in, but just heard about taking your left leg out",1
Only posting selfieâ€™s?? On YOUR own Instagram account?? Crazy right,1
do people with clear skin feel accomplished?? superior??? comfortable in their own skin???? whatâ€™s that like lmfao,1
So nice of my family to decide that Iâ€™m hosting a Motherâ€™s Day brunch for everyone at my house. https://t.co/DWZI9ltALK,1
yo @claires do yall do hysterectomies?,1
@JacobWohlReport Do I need to aquire a wife before this happens or will I be assigned one?,1
I get a lot of boy who cried wolf vibes from the Red Cross and their emergency blood shortages all the time,1
Update: holding hands with your mom and walking around campus also shows you're prepared for the independence college offers,1
"I might be rubbish at driving, and have a less than stellar career, but Iâ€™m really good at making Spanish omelette. So, you know, thereâ€™s that.",1
